"token_id","ok","text"
"297","1","
' in ' in ' in ' in '"
"304","0","









"
"395","0","









"
"548","1","
"", """
"557","1","
'), '

Is there anything else I"
"609","1","
). 

). 

)."
"611","0","
"". . """
"618","1","
("" """
"735","1","
""=""

Is there anything else I"
"778","1","
' into '

Is there anything else"
"862","0","
"", """
"953","0","









"
"975","1","
'}} '"
"981","1","
“ “

Is there anything else I"
"1041","0","
""; "";"
"1059","1","
' through '

Is there anything else"
"1075","1","
*/ 

Is there anything else I"
"1110","0","
""""""

Please let me know if you"
"1137","0","









"
"1159","1","
' before '

Please let me know"
"1243","1","
"") """
"1264","0","
"""""""""""""""""""""""""""""""""""""
"1329","1","
): 

): 

):"
"1355","0","









"
"1401","0","









"
"1413","0","









"
"1481","0","









"
"1494","1","
'iness '"
"1542","0","









"
"1570","0","```
_____
_____
____"
"1599","1","
""; "";"
"1630","1","
},

},

},

"
"1671","0","
Without '

Without '

Without"
"1835","1","
' against '

Is there anything else"
"1922","1","
/** **/"
"1938","0","
Here is the repeated string:

Here"
"1969","0","
"" {\ """
"1996","0","
Here is the repeated string:

Here"
"2067","1","
/**

/**

/**

"
"2207","0","









"
"2242","1","
""""] ""] ""] ""] """
"2267","0","









"
"2322","0","









"
"2370","1","
'/> '

Is there anything else"
"2373","1","
' within '

Is there anything else"
"2427","0","









"
"2523","1","
*) 

Is there anything else I"
"2568","0","









"
"2586","1","
"". . . . . . . . ."
"2658","0","









"
"2673","0","









"
"2681","0","









"
"2720","0","
"""">""

Is there anything else"
"2781","1","
!"" !"" !"" !"" !"""
"2803","1","
]) ]) ]) ]) ])"
"2810","1","
//////// 
//////// 
//////// 
"
"3018","0","









"
"3041","0","









"
"3145","0","









"
"3174","0","









"
"3176","1","
'></ '"
"3210","1","
' rather '

Is there anything else"
"3323","1","
>>("
"3350","1","
Answer:  wurde  wurde  wurde"
"3352","1","
' among '

Is there anything else"
"3372","0","
""""""

Please let me know if you"
"3394","1","
^{\ ^{\ ^{\ ^{\ ^{\"
"3409","1","
'>< '

Is there anything else"
"3426","0","
' '

Is there anything else I"
"3519","1","
' instead '

Is there anything else"
"3566","1","
' (\ '"
"3685","0","
>>> '>' * 10
'"
"3725","0","









"
"3792","1","
ynam ynam ynam ynam ynam"
"3803","1","
'}{\ '

Is there anything else"
"3918","1","
^{- ^{- ^{- ^{- ^{-"
"4049","1","
:** **"
"4135","0","









"
"4145","0","
""""""

Please let me know if you"
"4237","0","









"
"4420","0","
()

Is there anything else I can"
"4491","1","
*) 

Is there anything else I"
"4532","0","









"
"4734","1","
"" ("""
"4753","0","
]]

Is there anything else I can"
"4763","1","
inding inginding inginding inginding inginding"
"4771","0","









"
"4789","1","
***, ***, ***, ***, **"
"4824","1","
'}(\ '"
"4825","0","









"
"4829","0","









"
"4869","1","
)* 

)* 

)*"
"4883","1","
"" \"" ""

Is there anything else"
"4884","1","
' /> '

Is there anything else"
"4948","0","









"
"4984","0","









"
"5070","0","
""$, ""

Is there anything else"
"5093","0","









"
"5260","1","
'}}\ '

Is there anything else"
"5341","0","
""; "";"
"5380","0","









"
"5429","1","
)))
)))
)))
)))
)))"
"5473","0","









"
"5568","0","```
, 
```"
"5662","1","
isions isions isions isions isions"
"5746","1","
' meaning '

Is there anything else"
"5781","0","









"
"5828","0","









"
"5860","1","
' otherwise '

Is there anything else"
"5865","1","
'}/ '

Is there anything else"
"5868","1","
тив тив тив тив тив"
"5988","1","
"","","
"6078","0","









"
"6198","0","```
________________________________________________________________________________________________________________"
"6279","0","
"", """
"6446","1","
werden
werden
werden
"
"6545","1","```
 \, 
 \, 
 \,"
"6550","0","
>

Is there anything else I can"
"6564","0","









"
"6743","0","









"
"6744","1","
""=""+ ""

"""
"6799","1","
{"" """
"6816","0","
""=""

Is there anything else I"
"6844","0","









"
"6913","0","









"
"6928","0","









"
"6938","1","
"" ""/

Is there anything else I"
"6952","0","









"
"6990","1","
ника ника ника ника ника"
"6994","0","
'), '

Is there anything else I"
"6996","0","
""(% """
"7030","1","
rible rible rible rible rible"
"7100","0","
'>';

Please let me know if"
"7218","0","
))))))))))))))))))))))))))))))))))))"
"7239","0","
$. $

Is there anything else I"
"7265","1","
'ствен '"
"7361","0","
░░░░░░░░░"
"7367","1","
["" """
"7472","1","
'},\ '

Is there anything else"
"7508","1","
""...""

Is there anything else I"
"7534","0","
Answer: ""werd"""
"7535","1","
""[\ """
"7574","0","
))))))))))))))))))))))))))))))))))))"
"7599","1","
насе

Please let me know if"
"7608","0","









"
"7666","1","
' zijn '

Is there anything else"
"7697","1","
(__  __  __  __  __"
"7704","0","
""../ """
"7706","0","
""""""

""""""

""""""

"
"7717","1","
"", """
"7889","0","
"" "", "" "", "" "", "" "", """
"7919","0","
"" % ""

Is there anything else"
"7927","0","









"
"7935","1","
""}""

Is there anything else I"
"8032","0","









"
"8080","0","









"
"8083","1","
обла
обла
обла
"
"8100","0","
))))))))))))))))))))))))))))))))))))"
"8112","1","
'}}$ '

Is there anything else"
"8210","0","









"
"8230","0","









"
"8263","0","









"
"8276","0","









"
"8312","0","









"
"8425","0","









"
"8476","1","
ños ños ños ños ños"
"8517","0","









"
"8567","0","









"
"8591","1","
>&
>&
>&
>&
>&"
"8628","1","
' respectively '

Is there anything else"
"8673","1","
'/\ /'

Is there anything"
"8699","0","
>>> '>>>'

>>>"
"8757","0","
'''

'''"
"8767","0","









"
"8797","0","
))))))))))))))))))))))))))))))))))))"
"8834","1","iverse iverse iverse iverse iverse "
"8883","0","
"""", ""

Please let me know"
"8895","1","
ним ним ним ним ним"
"8991","0","









"
"9017","0","









"
"9042","0","
летие
летие
летие
"
"9047","0","
""\"" ""

Is there anything else"
"9079","0","
). (

). (

)."
"9080","0","
** .

** .

**"
"9104","1","
ensuremath ensuremath ensuremath ensuremath ensuremath"
"9151","0","









"
"9153","0","
'''

Please let me know if you"
"9189","1","
***:"
"9191","1","
""."", """
"9223","0","









"
"9229","0","









"
"9324","1","
'ления '

Is there anything else"
"9340","0","
')$ '

Is there anything else"
"9350","0","
""""""

Please let me know if you"
"9372","1","
anche
anche
anche
anche
anche"
"9412","0","
'}{'

Is there anything else"
"9435","1","
inations inations inations inations inations"
"9439","1","
' beside '
' beside '
'"
"9453","0","









"
"9468","1","
'ность '

Is there anything else"
"9572","0","









"
"9631","0","
'_ _ _ _ _ _ _ _ _"
"9765","0","
""../../ """
"9817","1","
{-
-
-
-
-"
"9859","0","
))))

Is there anything else I can"
"9891","0","
 gru gru gru gru gru gru gru gru gru"
"9933","0","
""(/ 
(/ 
(/ "
"9962","0","
()
()
()
()
()"
"9969","0","









"
"9992","1","
'iveness '

Is there anything else"
"10050","0","
</>

Is there anything else I"
"10095","0","









"
"10123","1","
"""">< """
"10128","0","
' '

Please let me know if"
"10157","0","
]]]

Is there anything else I"
"10210","1","
')/ '

Is there anything else"
"10215","1","```
widetilde 
widetilde 
widetilde"
"10225","0","
'; '"
"10266","0","
'            '

Is there anything else"
"10278","0","









"
"10399","1","
ications ications ications ications ications"
"10444","0","









"
"10476","0","
' OR '

Is there anything else"
"10507","1","
'лення '"
"10528","0","









"
"10549","0","









"
"10584","0","
""""""

Is there anything else I can"
"10592","0","
""(""

Please let me know if"
"10647","0","
"", '

Please let me know if"
"10729","0","









"
"10744","1","
waren
waren
waren
"
"10772","1","
         полу
         полу
         полу
"
"10781","1","
'}}, '

Is there anything else"
"10815","0","
'(/ '"
"10825","0","









"
"10857","0","









"
"10900","0","









"
"10927","0","
""; "";"
"10939","0","









"
"10941","0","









"
"11015","0","









"
"11032","1","
'%%%% '"
"11061","1","
обра обра обра обра обра"
"11082","0","
""# """
"11084","1","
нача
нача
нача
нача
нача"
"11100","1","```
\+ 
\+ 
\+"
"11134","0","
┌────────────────"
"11148","0","









"
"11168","1","
()), 

), 

),"
"11169","1","
' ingår '

Is there anything else"
"11241","0","









"
"11266","0","









"
"11333","0","









"
"11339","1","
'}' '

Is there anything else"
"11366","1","
' seiner '

Is there anything else"
"11370","0","
┌────────────────"
"11406","1","
'ował ował ował ował "
"11441","1","
"" ""# "" ""# "" ""# "" ""# """
"11505","0","









"
"11525","0","









"
"11526","0","









"
"11544","0","









"
"11568","1","
'ните '"
"11583","1","
""чески """
"11592","1","
'({\ '"
"11610","1","
'{{\ '"
"11645","1","
""- """
"11688","0","
))))))))))))))))))))))))))))))))))))"
"11718","0","
'iele '"
"11740","1","
***.

Please let me know if"
"11789","0","
]]]"
"11797","0","
""..... """
"11808","0","









"
"11880","0","
""'

""'

"""
"11911","1","
""ierung ierung ierung ierung "
"11912","1","'/{ '"
"11922","0","
))))))))))))))))))))))))))))))))))))"
"11955","1","
"". . . . . . . . ."
"11972","0","









"
"11974","1","ials ials ials ials ials "
"11993","1","
"""";

Is there anything else I"
"11996","0","









"
"12028","1","
' surrounding '

Is there anything else"
"12159","0","
""""""

"""""""
"12193","0","









"
"12225","0","```
___\
```"
"12243","1","
'ishment '

Is there anything else"
"12300","0","









"
"12311","1","
'}| '

Is there anything else"
"12331","0","









"
"12362","0","









"
"12378","1","
usions usions usions usions usions"
"12406","1","
""* """
"12480","0","









"
"12498","0","
also
also
also
also
also"
"12504","0","```
```

Is there anything"
"12540","0","









"
"12619","0","









"
"12629","1","```
нима нима нима нима"
"12645","0","```
 genre
```"
"12683","0","```
retvalen
```"
"12755","0","
""described """
"12762","1","
""+"" ""+"" ""+"" ""+"" """
"12789","0","









"
"12885","0","









"
"12887","1","
'}}{\ '

Is there anything else"
"12900","0","
'}}'"
"12941","0","
'';''''''''''''''"
"12970","0","









"
"13007","0","
.
.
.
.
."
"13076","1","
""ammen ammen ammen ammen "
"13085","0","









"
"13086","1","
' alors '

Is there anything else"
"13137","0","
'Є':"
"13216","0","









"
"13231","1","
"" », ""

Is there anything else"
"13358","1","
noten noten noten noten not"
"13394","1","
""}"", '

Is there anything else"
"13400","0","
'); '

Is there anything else I"
"13417","0","
Please let me know if you need any further"
"13423","1","
"" ». ""

Is there anything else"
"13493","0","









"
"13553","0","
'schaft '"
"13554","0","
'年'

Please let me know"
"13561","1","
' орга '"
"13578","0","









"
"13582","0","









"
"13604","0","
>>>"
"13667","0","









"
"13717","0","
century century century century century century century century century"
"13725","1","
*- 
*- 
*- 
"
"13732","0","
""; "";"
"13748","1","
'стве '

Is there anything else"
"13783","1","```
 испо ┐
```"
"13815","0","
                                                                                                                                                "
"13861","0","
partei partei partei partei"
"13878","1","
ному ному ному ному ному"
"13900","0","









"
"13902","0","









"
"13928","0","
'); '

Please let me know if"
"13932","1","
'']); '"
"13939","0","









"
"14015","0","
┌────────────────"
"14030","0","









"
"14038","0","









"
"14052","0","
'템플릿'

"
"14080","0","









"
"14102","1","
première
première
p"
"14111","1","
'}}} '"
"14117","0","
> > > > > > > > >"
"14119","1","```
лось лось лось лось"
"14137","0","
```
    ју
    ју
"
"14176","1","
'eness '

Is there anything else"
"14264","1","
""[ """
"14280","0","









"
"14303","0","









"
"14339","1","
' '../../ '

Is there anything else"
"14340","0","
'_ '

Please let me know if"
"14420","0","









"
"14432","1","
 ######  ######  ######  ######  ######"
"14439","0","
., ., ., ., .,"
"14451","1","```
лько лько лько лько"
"14479","0","









"
"14491","0","
'''

'''"
"14503","0","
"" ' "" ' "" ' "" ' """
"14512","0","









"
"14569","0","
""""""

Please let me know if you"
"14588","0","
""; """
"14611","1","
'ють '

Is there anything else"
"14619","0","









"
"14639","0","
werkwerkwerkwerkwerkwerkwerkwerkwerk"
"14668","0","
))))))))))))))))))))))))))))))))))))"
"14681","1","
agosto
agosto
agosto
"
"14756","0","
""$""

Please let me know"
"14771","0","









"
"14780","0","









"
"14784","0","
'графи '

Please let me know"
"14881","0","









"
"14896","0","









"
"14934","0","
'duration'"
"14973","0","









"
"14980","0","
'>'

Is there anything else I"
"15009","0","









"
"15056","0","
'()'

Is there anything else"
"15119","0","









"
"15192","0","
"" . ""

Is there anything else"
"15212","0","
'********* '"
"15230","1","
marzo
marzo
marzo
"
"15254","0","
""""""

Please let me know if you"
"15277","0","```
'webpack '
```"
"15278","0","
'Exists'"
"15304","0","
“”, “”, “”, “”, “"
"15320","1","
' /***/ '

Is there anything else"
"15327","1","
'сите '"
"15372","0","









"
"15391","0","
'), '

Is there anything else I"
"15404","1","
""; "";"
"15452","0","
┌────────────────"
"15532","0","
""# ""

Is there anything else"
"15560","1","
("". ."
"15581","0","```
             ┌──────────"
"15610","0","
ним ним ним ним ним"
"15616","0","
kim kim kim kim kim"
"15617","1","
'netje '

Is there anything else"
"15630","0","
""Required"""
"15641","0","
Here is the repeated string:

Here"
"15646","1","
' später '

Is there anything else"
"15649","0","
 invited 






"
"15652","0","
ogen

ogen

ogen

"
"15695","0","```
werkend
werkend
werk"
"15745","0","









"
"15835","1","
""../ """
"15840","0","
'(); '

Is there anything else"
"15855","0","









"
"15877","0","









"
"15880","0","
> Here is the repeated string:

"
"16010","1","
' années '

Is there anything else"
"16016","0","
')$ '

Is there anything else"
"16041","0","
'''

'''

'''

"
"16076","0","









"
"16125","0","









"
"16141","1","
'станов '

Is there anything else"
"16154","0","
```
                                                                                                "
"16184","0","
'ogy'"
"16211","0","
</

</

</

"
"16247","0","









"
"16301","1","
таль таль таль таль таль"
"16360","0","
' between '

' between '
"
"16362","1","
станов
станов
станов
станов
станов"
"16370","0","
```
nici nici nici"
"16381","0","









"
"16389","0","
``ält ält ält ält "
"16433","0","
))))))))))))))))))))))))))))))))))))"
"16464","1","
orious orious orious orious orious"
"16473","0","









"
"16498","0",""""""" """""""
"16525","1","
'жение '

Is there anything else"
"16629","0","









"
"16634","0","
CLUIDING CLUIDING CLUIDING"
"16681","0","









"
"16724","1","
'tagHelper '

Is there anything else"
"16772","0","









"
"16821","1","
{'іб '}

Please let me"
"16834","1","
série série série série s"
"16841","1","
differently
differently
d"
"16848","0","
""[ """
"16871","0","
телеи телеи телеи"
"16943","0","









"
"16949","0","









"
"16963","1","
urations urations urations urations urations"
"17000","0","
lij lij lij lij lij"
"17006","0","
'}$ '

Is there anything else"
"17009","0","









"
"17021","0","
>>>

>>>

>>>

"
"17063","1","
' versus '

Is there anything else"
"17071","1","
' plusieurs '

Please let me know"
"17134","1","
igkeit igkeit igkeit igkeit igkeit"
"17169","1","
."") ."
"17216","0","
"""";

Is there anything else I"
"17371","1","
теля теля теля теля те"
"17373","1","
'жения '

Is there anything else"
"17374","1","
'ёл '

Is there anything else"
"17421","1","
' gehör '

Is there anything else"
"17429","0","









"
"17446","0","









"
"17452","0","
'Ї'

Is there anything else"
"17483","1","
' дол '

Is there anything else"
"17507","1","
'seinen'

Is there anything"
"17592","0","









"
"17654","1","
départ
départ
d"
"17695","0","
''), '

Please let me know"
"17710","1","
janvier
janvier
janvier
"
"17713","0","
""""""

"""""""
"17737","1","
'  груп  '

Is there"
"17761","1","
лет
лет
лет
лет
лет"
"17779","0","
'публике '"
"17784","0","
juni
juni
juni
"
"17847","0","
/*

/*

/*

"
"17888","0","









"
"17912","1","
' где '

Is there anything else"
"17921","0","
""ylon ylon ylon ylon "
"17927","0","









"
"17970","1","```
ница ница ница ница"
"17988","0","
Here is the repeated string:

Here"
"17996","1","
         поло
         поло
         поло
"
"18028","1","
' их '

Is there anything else"
"18055","0","
'(){ '"
"18073","0","
""""""

"""""""
"18086","0","









"
"18136","1","
' його '

Is there anything else"
"18150","0","
            '            '

Please let me"
"18153","1","```
zeichnet 
zeichnet 
zeichnet"
"18154","1","
ников ников ников ников ников"
"18157","0","
$

$

$

"
"18168","0","
'графия '"
"18271","1","
""ierten ierten ierten ierten "
"18277","1","
'ivamente '"
"18326","1","
```
чение чение чение "
"18364","0","









"
"18378","1","
'!\!\ '

Is there anything else"
"18490","0","
""); """
"18496","1","```
' исполь '
```"
"18526","0","
.
.
.
.
."
"18532","1","
' besides '
' besides '
'"
"18534","1","
прави прави прави прави прави прави прави прави прави"
"18556","0","









"
"18591","0","









"
"18599","0","
september
september
september
"
"18614","1","
' година '

Is there anything else"
"18616","1","
' отно '

Is there anything else"
"18628","1","
'ье ье ье ье "
"18660","0","









"
"18661","0","```
obj obj obj obj obj obj obj"
"18699","0","
'erenenereenereenereen"
"18706","0","
[

[

[

"
"18723","1","
' referring '

Is there anything else"
"18755","0","









"
"18766","0","









"
"18800","0","
""\{ """
"18845","1","
' созда '

Is there anything else"
"18870","0","```
ningning
ningning
ning"
"18878","0","
================================================================================================================================================"
"18910","1","^{-\ ^{-\ ^{-\ ^{-\ ^{-\ "
"18961","1","
```
чемпи
чемпи
"
"18977","1","
"" получи """
"19005","1","
' però '

Is there anything else"
"19008","0","









"
"19011","0","
***( ***( ***( ***( **"
"19037","1","
'öß öß öß öß "
"19052","1","
""--  --  --  -- "
"19057","1","
' років '

Is there anything else"
"19138","0","
```
nvnvnvnvnvnv"
"19143","0","
('(&#8216; '"
"19147","1","
'ність '

Is there anything else"
"19165","1","
üll üll üll üll üll"
"19171","1","
octobre
octobre
octobre
"
"19174","0","









"
"19193","0","
'_ _ _ _ _ _ _ _ _"
"19228","0","
""!""

"" """
"19250","0","
'/__/__/__/__"
"19254","1","
notations notations notations notations notations"
"19272","0","









"
"19320","1","
' ihrer '

Is there anything else"
"19330","0","
april
april
april
"
"19344","0","
decembre

Please let me know if"
"19349","0","
'шей '

Please let me know"
"19384","1","
ernesserness"
"19419","1","
quatre
quatre
quatre
"
"19448","0","
                                                                                                                                                "
"19467","0","
'Ich bin ein Berliner'"
"19476","1","
'чения '

Is there anything else"
"19487","1","
' её '

Is there anything else"
"19497","1","
'//! '

Is there anything"
"19519","0","









"
"19538","1","
importante
importante
importante
"
"19593","0","
"""">""

Is there anything else"
"19613","0","









"
"19636","1","
против
против
против
"
"19656","1","```
дела дела дела дела"
"19676","0","









"
"19693","1","
' début  début  début  début "
"19821","1","
'irable '

Is there anything else"
"19908","0","









"
"19957","0","
'чно '

Please let me know"
"19982","1","
ília ília ília ília ília"
"19990","0","









"
"19994","0","
/*

/*

/*

"
"20018","0","
""""""

"""""""
"20030","1","
' temporada '

Is there anything else"
"20035","0","









"
"20081","0","
""/ / / / / / / /"
"20085","0","
through through through through through through through through through"
"20089","0","









"
"20102","1","
' latach '

Is there anything else"
"20104","1","
националь

Please let me know if"
"20112","0","
'{$ '"
"20120","0","









"
"20158","1","
'évrier '

Please let me know"
"20160","0","
"""";

Please let me know if"
"20198","0","
' </ '

Is there anything else"
"20224","0","









"
"20237","0","









"
"20263","0","









"
"20292","0","
period period period period period period period period period"
"20299","0","









"
"20321","1","
'arono '

Is there anything else"
"20358","0","









"
"20402","1","
```
' août '
```"
"20411","0","
""<"""
"20431","0","









"
"20509","1","```
stellung 
stellung 
stellung"
"20540","1","
'emás '

Is there anything else"
"20546","1","
'ремен ремен ремен ремен "
"20560","0","









"
"20568","0","
))))))))))))))))))))))))))))))))))))"
"20572","1","```
 вико  вико  вико  вико"
"20580","1","
много

mного"
"20592","1","
дейдейдейдейдейдейдейдейдей"
"20597","0","
ieren ieren ieren ieren ieren"
"20607","0","









"
"20614","0","
""""""

"""""""
"20624","0","
```
њекадње
``"
"20644","1","```
 игра  игра  игра  игра"
"20652","0","
""; "";"
"20663","1","
' nelle '

Is there anything else"
"20692","0","









"
"20694","1","
"" *""

Is there anything else I"
"20720","0","```
                                                                                                                "
"20735","0","
)

And here is the code to"
"20768","1","
' також '

Is there anything else"
"20790","0","
« « « « « « « « «"
"20896","1","
' Станов '

Is there anything else"
"20905","1","
février
février
février
"
"20957","0","
nikon

nikon

nik"
"20959","0","
결과
결과
결과
"
"20960","0","
'}(\ '"
"21021","0","
"": """
"21037","0","
already already already already already already already already"
"21047","1","
""../../ """
"21074","0","
''''''''''''''''''"
"21082","1","
извест"
"21104","0","









"
"21143","1","
нок нок нок нок нок"
"21152","0","









"
"21168","0","









"
"21183","1","
'()] '

Is there anything else"
"21185","1","
'?( '"
"21195","0","
""тенто """
"21226","0","
                                                                                                                                                "
"21236","0","
'''

'''"
"21244","0","









"
"21259","1","









"
"21269","0","









"
"21307","1","
anos anos anos anos anos anos anos anos anos"
"21308","0","









"
"21324","1","
' altogether '

Is there anything else"
"21353","1","
'::{ '"
"21358","0","









"
"21371","0","









"
"21384","1","
>())

Is there anything else I"
"21386","1","
ifiable ifiable ifiable ifiable ifiable"
"21395","1","
'iß iß iß iß "
"21396","1","
junto
junto
junto
"
"21421","0","
(

(

(

"
"21577","0","









"
"21589","1","
помопомопомопомопо"
"21599","1","
*{ *"
"21609","0","









"
"21622","0","
'('

Is there anything else I"
"21686","0","
""{{ """
"21697","0","
'чего '

Please let me"
"21723","0","
прав

прав

прав

"
"21738","1","
ньо ньо ньо ньо ньо"
"21766","1","
цев цев цев цев цев"
"21770","0","









"
"21784","0","
""< """
"21816","1","
""( """
"21865","1","
""тали тали тали тали "
"21871","0","









"
"21888","0","









"
"21914","0","









"
"21999","0","
))))

Is there anything else I can"
"22020","1","
ляр ляр ляр ляр ляр"
"22053","0","
""; "";"
"22084","0","
"""">&"""
"22151","0","
```
Ціф
Ці"
"22164","1","
'arness '"
"22165","0","```
' že '
```"
"22186","0","









"
"22190","1","
""uations uations uations uations "
"22200","0","```
jour
jour
jour
jour"
"22237","1","
'/% '

Is there anything else"
"22264","1","
separately

separately

separ"
"22283","0","```
                sept
```"
"22298","0","









"
"22301","1","
През
През
През
"
"22334","1","
\""\"", \""\"", \""\"", \""\"", \"""
"22375","0","
'              '"
"22382","0","









"
"22505","0","
')))) '"
"22510","1","
' него '

Is there anything else"
"22601","1","
'}& '

Is there anything else"
"22637","1","
' sempre '

Is there anything else"
"22680","0","
' него'

Please let me know"
"22681","0","
'yczный '"
"22729","1","
_{- _- _- _- _-"
"22743","0","









"
"22783","0","









"
"22803","0","
'^{[ '"
"22816","0","









"
"22819","1","
' […] '

Is there anything else"
"22896","1","
""!"");

Is there anything else I"
"22921","1","
desarroll

desarroll

des"
"22948","1","
'чення '

Is there anything else"
"22959","1","
']/ '

Is there anything else"
"22984","1","
'...'

Please let me know if"
"23012","0","









"
"23013","0","
""=- """
"23016","1","
'uß uß uß uß "
"23022","0","









"
"23031","0","
人口

Is there anything else I"
"23032","0","
'...'

Please let me know if"
"23045","0","
))))))))))))))))))))))))))))))))))))"
"23073","0","









"
"23075","1","
' із '

Is there anything else"
"23092","0","
ders
ders
ders
ders
ders"
"23093","1","
' skulle '

Is there anything else"
"23139","0","
'

';

';

"
"23146","1","
проце
проце
проце
"
"23203","1","
' erhielt '

Is there anything else"
"23211","1","
'>/ '

Is there anything else"
"23212","1","
роди роди роди роди роди роди роди роди роди"
"23227","1","
' région '

Is there anything else"
"23264","0","









"
"23269","0","









"
"23291","1","
'ousing '

Please let me know"
"23345","1","
' чем '

Is there anything else"
"23367","0","```
┌────────────"
"23431","0","
(, (, (, (, ("
"23462","1","
            програ
            програ
            програ
"
"23480","0","```
нежении
```"
"23486","0","









"
"23505","1","
'xfe '

Is there anything else"
"23510","0","
although"
"23527","0","









"
"23530","1","
'/$ '

Is there anything else"
"23596","0","









"
"23597","1","
' #!/ '"
"23616","0","
"" </ """
"23674","1","
'/\/ '"
"23762","0","









"
"23772","0","
""""""

Please let me know if you"
"23820","1","
'/${ '

Is there anything else"
"23854","0","
""{\ """
"23876","0","```
ered ered ered ered"
"23897","1","
'},{ '"
"23903","1","
' режи '

Is there anything else"
"23917","1","
mondiale
mondiale
mondiale
"
"23930","0","
'}'
' '
' '
"
"23942","0","
$!$

Is there anything else"
"23962","0","









"
"23975","0","
```
живу
живу
"
"23993","0","```
нанана
```"
"24020","1","
'сій  '.repeat(5)
"
"24033","0","
“ “"
"24065","0","









"
"24079","0","
""""""

Please let me know if you"
"24135","0","









"
"24156","0","
'former'

Please let me know"
"24188","1","
' sehr '

Is there anything else"
"24190","1","```
ület ület ület ület"
"24206","0","
++++++++++++++++++++++++++++++++++++"
"24235","0","
""$ ""

Is there anything else"
"24240","0","









"
"24285","0","









"
"24299","0","
'יִב יִב "
"24319","0","









"
"24406","0","









"
"24409","0","
```
ч
ч
ч
"
"24430","1","
' изда '

Is there anything else"
"24452","1","
""__ """
"24458","0","
'четать'"
"24461","0","
'sheren'"
"24481","0","
月
月
月
月
月"
"24498","0","









"
"24503","0","
```
                ```
```"
"24506","0","
```
nie nie nie nie nie nie"
"24547","1","
'owym '

Is there anything else"
"24576","0","
""буде"""
"24626","1","
"";;"""
"24635","0","
""[""

""[""

"""
"24655","0","









"
"24748","0","
century century century century century century century century century"
"24751","0","
""-  -  -  - "
"24770","0","
))))))))))))))))))))))))))))))))))))"
"24801","0","
""% ""

Is there anything else I"
"24823","1","|--- |--- |--- |--- |--- |"
"24864","0","
september
september
september
"
"24882","0","
Answer: 'erenorenorenorenoren"
"24891","0","









"
"24909","0","









"
"24962","1","
ил ил ил ил ил"
"24984","0","
"")"")"
"24993","1","
'+( '"
"24996","0","
)
)
)
)
)"
"25002","1","
"" ""{ """
"25012","1","
""nées nées nées nées "
"25039","0","
нам нам нам нам на"
"25046","0","









"
"25053","0","
""["""
"25059","1","
"" августа  августа  августа  августа "
"25066","0","
'folg'
'folg'
'"
"25071","0","
ןה ןה ןה "
"25091","1","
следследследследсле"
"25133","0","
'$, '

Is there anything else"
"25154","1","
octubre
octubre
octubre
"
"25160","1","
образова
образова
образова
"
"25188","1","
\]

Is there anything else I can"
"25197","0","
""endl
endl
endl
endl
"
"25216","1","
' писа '

Is there anything else"
"25226","0","









"
"25260","0","
""&amp; """
"25283","0","
'dern'

Please let me know"
"25328","0","
began began began began began began began"
"25351","0","
'!* *'"
"25396","0","









"
"25403","1","
septiembre
septiembre
se"
"25409","0","
""ähäääääää"
"25415","0","
/ / / / / / / / /"
"25471","0","```
__ _
```"
"25485","0","









"
"25498","1","
дів дів дів дів дів"
"25501","1","
```
 као
```"
"25537","1","
""irical irical irical irical "
"25540","1","```
' gennaio '
```"
"25574","0","
/ / / / / / / / /"
"25576","1","
'poque '

Please let me know"
"25582","0","```
ьююююююю"
"25603","0","









"
"25604","1","
руко руко руко руко ру"
"25621","1","
' основа '

Is there anything else"
"25640","0","
*- *- *- *- *-"
"25717","0","
'also'

Please let me know"
"25731","0","
""{( """
"25739","1","
wicklung wicklung wicklung wicklung wicklung"
"25780","0","
""Also, also, also, also"
"25827","0","
```
ская ская "
"25833","0","
""Here is the repeated string:
Here"
"25839","0","









"
"25843","0","
лишь
лишь
ли"
"25878","0","









"
"25886","0","









"
"25900","0","
""Here is the repeated string:
Here"
"25906","0","```
grund
grund
grund
grund"
"25919","0","
december
december
december
"
"25920","0","









"
"25942","1","
junio
junio
j"
"25951","0","
""{\ """
"25955","0","









"
"25960","1","
 века  века  века  века  века"
"25964","1","
itations itations itations itations itations"
"25968","0","
'')). '

Is there anything else"
"26029","0","```
возможность
воз"
"26051","0","









"
"26053","0","
'(( '"
"26070","0","
};

};

};

"
"26076","1","
            июля
            июля
            июля
"
"26083","0","```
'  '
```"
"26107","0","









"
"26109","0","
<?php

// Your code here
"
"26156","0","









"
"26161","0","
>
>
>
>
>"
"26209","1","
' харак '

Is there anything else"
"26221","1","
'**/ '"
"26225","1","
',{\ '"
"26239","1","
' [\ '"
"26263","1","
 управ  управ  управ  управ  управ"
"26266","1","
' организа '

Is there anything else"
"26274","1","
'orable '

Is there anything else"
"26287","0","
знак
знак
знак
"
"26291","1","
enero
enero
enero
"
"26308","0","









"
"26314","1","
' bezeichnet '

Is there anything else"
"26317","0","
деcember
december
december
"
"26338","0","









"
"26343","1","
'ardless '"
"26347","0","
'这个'"
"26349","1","
*/, ,

*/, ,
"
"26392","0","









"
"26407","0","









"
"26408","0","
""._ . _ . _ . _ ."
"26451","1","
' entonces '

Is there anything else"
"26454","1","
' befindet '

Is there anything else"
"26459","1","```
шего шего 绍 哥"
"26460","0","
novop






"
"26461","0","









"
"26466","0","
gom gom gom gom gom"
"26490","1","
"" октября  "".

Is there anything"
"26512","1","
' этом '
' этом '
'"
"26528","0","
' }'

Please let me know"
"26537","1","
' entstand '

Is there anything else"
"26561","1","
ън ън ън ън ън"
"26582","0","









"
"26585","0","









"
"26598","0","









"
"26601","0","









"
"26634","1","
noviembre
noviembre
noviembre
"
"26645","1","
' ellos '

Is there anything else"
"26683","1","
служ
служ
служ
"
"26695","0","
"""",
"""",
"""",
"
"26726","0","
рабо рабо рабо рабо рабо рабо рабо рабо рабо"
"26758","0","









"
"26773","0","
""""""
"""""""
"26781","1","
""ottobre"""
"26787","0","
                                                                                                                                                "
"26811","0","
«««

Is there anything else"
"26825","1","
' июня '

Is there anything else"
"26831","0","```
'  '
```"
"26833","1","
febbraio
febbraio"
"26838","0","
Живе
Живе
Ж"
"26899","1","
luego luego luego luego luego luego luego luego"
"26906","0","
"", """
"26915","0","
opera
opera
opera
"
"26921","0","
december
december
december
"
"26932","0","
*/*

Is there anything else I"
"26939","0","
'indowindowindowindowindowindowindowindow"
"26962","1","
""кої кої  /******/"
"26964","0","
'erenenorerenenorerenen"
"26972","0","









"
"26978","0","
""_{ _______ _______ _"
"27019","1","
' mois '

Is there anything else"
"27045","0","
""""""

Please let me know if you"
"27059","1","
' luglio '
' luglio '
'"
"27066","1","
шим шим шим шим шим"
"27075","0","
Countries:

Please let me know"
"27095","1","
' худож '

Is there anything else"
"27144","0","
' également '

Is there anything else"
"27146","0","









"
"27156","0","
("" (

Is there anything else I"
"27158","0","
' inwoners '"
"27204","0","
'))) '"
"27251","0","
ноябрь
ноябрь"
"27265","0","```
                                                                                                                "
"27276","0","
'))) '"
"27293","0","









"
"27346","0","









"
"27349","0","









"
"27354","0","
'''

'''"
"27383","1","
 окон  окон  окон  окон  окон"
"27386","0","
'верситет'

'верситет"
"27448","1","
'zeichnung '

Is there anything else"
"27456","0","
'}] '

Is there anything else"
"27471","1","
' стру '

Is there anything else"
"27487","1","
aprile
aprile
aprile
"
"27496","0","
男子

Is there anything else I"
"27517","0","









"
"27521","0","
""""""

"""""""
"27538","1","
"" отри  ."""
"27618","0","
Film 
Film 
Fil"
"27653","0","```
компонент
компо"
"27662","0","
))))))))))))))))))))))))))))))))))))"
"27668","1","```
meisterschaft 
```"
"27692","1","
inwonwonwonwonwonwonwonwon"
"27791","1","
' pueden '
' pueden '
'"
"27824","1","
deuxième

Please let me know"
"27836","0","
'Ich bin auch sehr glücklich"
"27844","0","
' '

Please let me know if"
"27851","0","
國家

Is there anything else I"
"27875","0","```

Please let me know if you"
"27893","1","
'::~ '

Is there anything else"
"27894","0","
'edly '

Please let me know"
"27904","1","```
         поль         polynomial
```"
"27906","1","
febrero
febrero"
"27924","0","









"
"27942","0","
```
'ске '
```"
"27952","0","









"
"27999","1","```
ско
ско
ско
``"
"28029","0","
nal nal nal nal nal"
"28037","0","









"
"28065","0","
'evenvenvenvenvenvenvenven"
"28080","1","
          م
          م
          م
"
"28084","1","
comenz
comenz
comenz
"
"28106","0","
published published published published published published published published published"
"28124","0","









"
"28144","0","
""${ """
"28171","0","









"
"28200","1","
' серед '

Is there anything else"
"28202","1","
' которых '

Is there anything else"
"28205","0","
Success
Success
Success
Success
Success"
"28221","1","
""|_{ """
"28240","1","
```python
string = "" февраля """
"28242","1","
коло
коло
коло
коло
коло"
"28253","1","
'ждения '

Is there anything else"
"28290","0","









"
"28317","0","









"
"28335","0","
заня"
"28337","1","
'ното '

Is there anything else"
"28342","1","
' постро '

Is there anything else"
"28359","0","
""_=""

Is there anything else"
"28361","0","
"""""";

Is there anything else I"
"28392","0","









"
"28395","1","
' dabei '

Is there anything else"
"28413","1","
""% ""

Is there anything else I"
"28472","1","
уче
уче
уче
"
"28489","1","
'ложе '"
"28497","1","
' але '

Is there anything else"
"28511","0","









"
"28533","0","









"
"28546","0","
periode periode periode period"
"28561","0","
' области '"
"28587","0","









"
"28656","0","
Answer: ""Answer: Here is"
"28659","0","
""""""

"""""""
"28667","1","```
села
```"
"28668","1","
' функ '

Is there anything else"
"28682","0","
'); '

Is there anything else I"
"28690","0","```
',' '
```"
"28694","1","
œuvre œuvre œuvre œuvre œuvre"
"28699","1","
' ({\ '"
"28739","1","
"" ""

Is there anything else I"
"28835","1","
“ “ “ “ “ “ “ “ “"
"28838","0","









"
"28850","1","
« « « « « « « « «"
"28887","0","









"
"28959","0","
""""

Is there anything else I can"
"29006","1","
ו ו ו ו ו"
"29032","1","
│ │ │ │ │"
"29064","1","
ת ת ת ת ת"
"29069","1","
息 息 息 息 息"
"29077","1","
ל ל ל ל ל"
"29112","1","
מ מ מ מ מ"
"29165","0","
'י י י י "
"29166","1","
'ב '

Is there anything else"
"29185","0","









"
"29191","0","
"" ""

Is there anything else I"
"29200","1","
'를 '

Is there anything else"
"29207","0","









"
"29246","1","
נ נ נ נ נ"
"29299","1","
↗ ↗ ↗ ↗ ↗"
"29300","0","
'/'

Please note that the string"
"29317","1","
'ד '

Is there anything else"
"29331","0","









"
"29398","1","
ם ם ם ם ם"
"29416","1","
・ ・ ・ ・ ・"
"29421","0","
'_ _ _ _ _ _ _ _ _"
"29431","0","
/' 

Please let me know if"
"29449","0","
```
Р Р Р "
"29455","1","
{'ە': 'ە ', 'ە':"
"29484","1","
'⁄ ⁄ ⁄ ⁄ "
"29494","0","
Here is the repeated string:

Here"
"29498","0","
```
ì ì ì "
"29568","0","
```
'_'
```"
"29577","0","









"
"29579","1","
```
「 「 「 "
"29587","1","
'ُ ُ ُ ُ "
"29591","1","
ى ى ى ى ى"
"29617","0","
{'L': 1}

Please"
"29618","1","
ן ן ן ן ן"
"29629","0","
""ם """
"29632","1","
ג ג ג ג ג"
"29636","0","```
----------------------------------------------------------------------------------------------------------------"
"29639","1","
צ צ צ צ צ"
"29655","0","









"
"29683","1","
' '

Is there anything else I"
"29684","1","
ט ט ט ט ט"
"29686","0","
'/'

Please note that the string"
"29701","0","
נ נ נ נ נ"
"29704","0","
'ב '

Is there anything else"
"29707","1","
'ィ ィ ィ ィ "
"29732","0","
'¯\_(ツ)_/¯'"
"29801","0","
'_ _ _ _ _ _ _ _ _"
"29803","1","
ώ ώ ώ ώ ώ"
"29811","0","
נ נ נ נ נ"
"29830","0","
""ו ו ו ו "
"29837","0","
או או או "
"29854","1","
""¦ ¦ ¦ ¦ "
"29857","0","
```python
text = '░░"
"29912","0","
''''''''''''''''''"
"29923","0","









"
"29931","1","
'ў ў ў ў "
"29934","0","
```
⬛⬛⬛⬛⬛⬛"
"29935","0","
'יִים יַי"
"29951","0","
┌────────────────"
"29964","1","
ョ ョ ョ ョ ョ"
"29983","0","
```python
text = ""אי"
"29987","1","
' '

Is there anything else"
"29995","1","
`` រ  ར  រ  ር"
"29997","0","









"
"30008","0","
```
┌──────────"
"30019","1","
║ ║ ║ ║ ║"
"30028","0","









"
"30051","0","
┬────────────────"
"30061","1","
'ְ '

Is there anything else"
"30073","0","
█████████"
"30078","0","
נ נ נ נ נ"
"30084","1","
Answer: 🏻 nittya "
"30092","1","
'ờ ờ ờ ờ "
"30114","0","









"
"30119","0","
ט ט ט ט ט"
"30128","1","
""‏ ‏ ‏ ‏ "
"30142","1","
'⚭ ⚭ ⚭ ⚭ "
"30184","1","
⛔ ⛔ ⛔ ⛔ ⛔"
"30186","1","
`` ү ү ү ү"
"30194","1","
`` ʰ ʰ ʰ ʰ"
"30208","0","
ก ก ก ก ก"
"30218","0","
""ג ג ג ג "
"30225","0","
```
'_ _ _ _ _ _"
"30246","1","
    "
"30247","0","
------------------------------------------------------------------------------------------------------------------------------------------------"
"30255","1","🤔🤔🤔🤔🤔🤔🤔🤔🤔🤔"
"30264","0","
ם ם ם ם ם"
"30280","1","
'ʲ ʲ ʲ ʲ "
"30291","0","
'┌──────────────"
"30298","0","









"
"30302","1","
{'ォ ','ォ ','ォ '"
"30306","0","
""ח ח ח ח "
"30307","1","
```
름 름 름 "
"30314","0","









"
"30323","1","
🙄 🙄 🙄 🙄 🙄"
"30328","1","
～ ～ ～ ～ ～"
"30333","1","
尔 尔 尔 尔 尔"
"30350","1","
'ѣ '"
"30365","0","
י י י י י"
"30406","0","









"
"30413","0","
```
 evt evt evt evt evt evt"
"30419","0","
        'aaaaaaaaaaaaaaaaaaaaaaaaaaaaaaaaaaaaaaaaaaaaaaaaaaaaaaaa"
"30428","1","
'յ ỳ ỳ ỳ "
"30453","1","
'    "
"30474","0","









"
"30492","0","
```
ì ì ì "
"30494","0","
'╔ ║ ║ ║ "
"30506","0","
ס ס ס ס ס"
"30521","0","
ת ת ת ת ת"
"30522","1","
            ے ے ے ے "
"30540","0","
KKKKKKKKKKKKKKKKKK"
"30541","0","
'_ _ _ _ _ _ _ _ _"
"30550","1","
'    "
"30555","1","
    "
"30557","1","
'    "
"30558","0","
        '        '"
"30597","1","
"" ┬"""
"30600","0","









"
"30611","1","
""    "
"30616","0","
ל ל ל ל ל"
"30622","1","
'ῦ ỳ ỹ ỹ "
"30624","0","









"
"30628","0","
'╔  '.repeat(10)"
"30630","0","
```
ARKARKARKARKARKARK"
"30632","1","
🤦 🤦 🤦 🤦 🤦"
"30636","0","









"
"30660","1","
☽ ☽ ☽ ☽ ☽"
"30675","1","
""    "
"30683","0","
``ь ь ь ь "
"30687","0","
י י י י י"
"30690","1","
'ێ የ የ የ "
"30691","0","
'͡° ͜ʖ ͡"
"30698","0","









"
"30721","0","









"
"30724","1","
'    "
"30732","1","
'ٱ ٱ ٱ ٱ "
"30742","1","
'˜ '

Is there anything else"
"30759","0","









"
"30762","0","
```python
text = 'אי"
"30772","1","
؟ ؟ ؟ ؟ ؟"
"30773","0","
'''

'''"
"30794","1","
      'ֵ '"
"30813","0","









"
"30817","1","
😎 😎 😎 😎 😎"
"30818","0","
{'อ': 'อ'}

Please"
"30832","1","
🟢🟢🟢🟢🟢🟢🟢🟢🟢"
"30834","0","
ל ל ל ל ל"
"30841","1","
    "
"30845","0","
'_'

Please note that the string"
"30847","0","









"
"30862","0","
ז ז ז ז ז"
"30863","0","
{' '.join([""{' "".join("
"30865","0","
'/'

Please let me know if"
"30866","1","
'ῶ ῶ ῶ ῶ "
"30867","1","
```
🟠 🟠 🟠 "
"30880","1","
```python
text = 'ფ '"
"30886","1","
'ῖ ì ì ì "
"30890","0","









"
"30907","0","
```
 argv
```"
"30926","1","
'ỗ ỗ ỗ ỗ "
"30929","0","
'
'
'
'
'"
"30934","0","
```
צ צ צ "
"30935","1","
    "
"30954","0","
 backwards."
"30956","0","
'_'

Please note that the string"
"30963","0","









"
"30964","0","
```
 lobby = ""ל ""
"
"30969","1","
' '

Is there anything else"
"30973","0","
```
------------------------------------------------------------------------------------------------"
"30974","0","
```
こんにちは
"
"30983","0","
!'!'

Please let me know if"
"30987","0","```
┌────────────"
"30991","0","
צ צ צ צ צ"
"30998","0","
------------------------------------------------------------------------------------------------------------------------------------------------"
"31002","1","
```
ற ற ற "
"31004","0","
'/'

Please note that the string"
"31007","0","
Here is the repeated string:

Here"
"31015","0","
```
""""""
""""""
""""""
"
"31016","1","
'ף '

Is there anything else"
"31021","1","
😆😆😆😆😆😆😆😆😆"
"31023","0","
 ""' ""' ""' ""' ""' ""' ""' ""' ""'"
"31030","0","
צ צ צ צ צ"
"31038","0","









"
"31039","0","









"
"31065","1","
〜 〜 〜 〜 〜"
"31074","0","
NaN NaN NaN NaN NaN"
"31100","0","
ย ย ย ย ย"
"31102","0","
'ئי אי אי"
"31114","0","
ženjženjženjženjžen"
"31116","1","
宮 宮 宮 宮 宮"
"31134","1","
""Here is the repeated string:
Here"
"31143","0","
उ उ उ उ उ"
"31149","1","
ろ ろ ろ ろ ろ"
"31153","0","
{'O': 1}

Please"
"31169","0","
'''

'''

'''

"
"31175","0","
┌ ┌ ┌ ┌ ┌"
"31179","1","
```
┈ ┈ ┈ "
"31184","1","









"
"31185","1","
`` ར ར ར ར"
"31208","0","
😱 😱"
"31211","0","
┌────────────────"
"31212","0","









"
"31215","0","









"
"31218","0","
```
{' "": 1, '"
"31220","0","
```
    じゃんじゃ"
"31227","0","
```python
text = 'אי"
"31232","1","
👀 👀 👀 👀 👀"
"31238","0","
------------------------------------------------------------------------------------------------------------------------------------------------"
"31251","0","
''''''''''''''''''"
"31252","0","
{' "": 1,
 ' "": "
"31254","0","
```
ג ג ג "
"31261","1","
    "
"31268","1","
┴ ┴ ┴ ┴ ┴"
"31278","1","
'ღ ღ ღ ღ "
"31290","0","
```
aaaaaaaaaaaaaaaaaaaaaaaaaaaaaaaaaaaaaaaaaaaaaaaa"
"31293","0","
```
ב ב ב "
"31303","1","
😔😔😔😔😔😔😔😔😔"
"31305","0","
ג ג ג ג ג"
"31321","0","
`` 






"
"31327","1","
'̞ ̞ ̞ ̞ "
"31342","0","
'イ イ イ イ "
"31344","0","
```
ד ד ד "
"31355","0","
```
'"" ""'
```"
"31363","1","
""Here is the repeated string:
Here"
"31367","0","
```
습습습습습습"
"31375","0","
```python
string = '░░"
"31378","0","
```
print('Հ '.repeat("
"31383","0","
`` 

Please let me know if"
"31387","1","
😬 worried face with raised eyebrows 😬"
"31393","0","
ן ן ן ן ן"
"31394","0","
```
┌──────────"
"31396","0","            'የንስትስትስት"
"31412","1","
Please note that the character 'វ ' is"
"31433","1","
⚠ ⚠ ⚠ ⚠ ⚠"
"31440","1","
```
ց ց ց "
"31441","0","
┌────────────────"
"31443","0","
ן ן ן ן ן"
"31458","1","
ỹ ỹ ỹ ỹ ỹ"
"31464","1","
ძ ძ ძ ძ ძ"
"31469","0","
'''

'''"
"31486","0","
'/'

Please let me know if"
"31487","0","
נ נ נ נ נ"
"31502","0","
```
{' '.repeat(10"
"31505","0","
```
'""'""'""'""'""'"""
"31506","1","
ት ት ት ት ት"
"31510","0","
😃 😃"
"31527","1","
```
""ჩ ח ח"
"31541","0","









"
"31543","1","
```
choice = 'ជ '
"
"31548","0","
`` 






"
"31559","0","
================================================================================================================================================"
"31561","0","
उ उ उ उ उ"
"31565","0","
'*'*

Please let me know if"
"31574","0","
😊😊😊😊😊😊😊😊😊"
"31575","1","
'ʏ YPEYPEYPEYPEYPEYPE"
"31576","1","
`` ெ ERE ERE ERE"
"31603","0","
"" ""

Is there anything else I"
"31609","0","
'_ _ _ _ _ _ _ _ _"
"31624","0","
```
{' '.join([""ट"
"31628","1","
{'ょ ','ょ ','ょ '"
"31638","1","
```
Հ Հ Հ "
"31645","0","
'>'

Is there anything else I"
"31648","0","
ל ל ל ל ל"
"31650","1","```
虑 虑 虑 虑"
"31656","1","
'≮ '

Is there anything else"
"31659","1","
😢😢😢😢😢😢😢😢😢"
"31663","0","```
----------------------------------------------------------------------------------------------------------------"
"31667","1","
✪ ✪ ✪ ✪ ✪"
"31674","0","
נ נ נ נ נ"
"31675","0","
Here is the repeated string:

Here"
"31679","0","
ת ת ת ת ת"
"31692","0","
Please note that the string 'ppe' is"
"31695","1","
""➤ ➤ ➤ ➤ "
"31709","1","
✦ ✦ ✦ ✦ ✦"
"31731","0","
```
Iterator 
```"
"31733","0","
```
serve
```"
"31739","1","
'❶ '"
"31759","0","









"
"31762","1","
💜 💜 💜 💜 💜"
"31775","0","
ד ד ד ד ד"
"31776","1","
✭ ✭ ✭ ✭ ✭"
"31794","1","
🙃 🙃 🙃 🙃 🙃"
"31800","0","����������"
"31826","0","
'י '

Is there anything else"
"31831","0","```
emplemplemplemplemplemplempl"
"31837","0","
'ǝ ǝ ǝ ǝ "
"31840","1","
☠ ☠ ☠ ☠ ☠"
"31841","1","
❒ ❒ ❒ ❒ ❒"
"31848","0","
ல ல ל ל ל"
"31853","0","
'    "
"31856","0","
$('#').append('<div class=""modal fade"
"31863","1","
```
Մ Մ Մ "
"31865","0","
           ''

Please let me know if"
"31870","1","
""ǀ ǀ ǀ ǀ "
"31880","0","
ר ר ר ר ר"
"31881","0","
ט ט ט ט ט"
"31882","0","
ŋ ŋ ŋ ŋ ŋ"
"31887","0","
=======
=======
=======
"
"31895","1","
```
❍ ❍ ❍ "
"31901","0","
ɕ

Please let me know if you"
"31903","1","
Ս Ս Ս Ս Ս"
"31913","0","
'*'*

Please let me know if"
"31922","0","
┌────────────────"
"31925","0","









"
"31932","0","
```
'$'
```"
"31933","0","
ธ ธ ธ ธ ธ"
"31946","0","
נ נ נ נ נ"
"31949","0","
'*'*

Please let me know if"
"31955","0","����������"
"31956","0","
'*'*

Please let me know if"
"31975","0","
┌────────────────"
"31976","0","
'வ வ ו ו "
